{"cameraMode":{"drawMode":0,"name":"Shaded","section":"Shading Mode"},"sceneLighting":false,"audioPlay":false,"sceneViewState":{"m_AlwaysRefresh":false,"showFog":true,"showSkybox":false,"showFlares":true,"showImageEffects":true,"showParticleSystems":true,"showVisualEffectGraphs":true,"m_FxEnabled":true},"in2DMode":false,"pivot":{"x":36.1392822265625,"y":-14.35643196105957,"z":0.6441402435302734},"rotation":{"x":-0.08807194977998734,"y":0.023601360619068147,"z":-0.002091740956529975,"w":-0.9958500862121582},"size":5.360378742218018,"orthographic":true}