{"cameraMode":{"drawMode":0,"name":"Shaded","section":"Shading Mode"},"sceneLighting":true,"audioPlay":false,"sceneViewState":{"m_AlwaysRefresh":false,"showFog":true,"showSkybox":true,"showFlares":true,"showImageEffects":true,"showParticleSystems":true,"showVisualEffectGraphs":true,"m_FxEnabled":true},"in2DMode":false,"pivot":{"x":19.044620513916017,"y":-5.5013275146484379,"z":0.04547119140625},"rotation":{"x":-0.017408179119229318,"y":-0.011102228425443173,"z":0.00019212915503885597,"w":-0.9998064637184143},"size":36.307559967041019,"orthographic":true}