{"cameraMode":{"drawMode":0,"name":"Shaded","section":"Shading Mode"},"sceneLighting":true,"audioPlay":false,"sceneViewState":{"m_AlwaysRefresh":false,"showFog":true,"showSkybox":true,"showFlares":true,"showImageEffects":true,"showParticleSystems":true,"showVisualEffectGraphs":true,"m_FxEnabled":true},"in2DMode":false,"pivot":{"x":442.4256286621094,"y":179.20608520507813,"z":-1.4504241943359376},"rotation":{"x":-0.017408179119229318,"y":-0.011102228425443173,"z":0.00019212915503885597,"w":-0.9998064637184143},"size":248.69850158691407,"orthographic":false}