{"cameraMode":{"drawMode":0,"name":"Shaded","section":"Shading Mode"},"sceneLighting":false,"audioPlay":false,"sceneViewState":{"m_AlwaysRefresh":false,"showFog":true,"showSkybox":false,"showFlares":true,"showImageEffects":true,"showParticleSystems":true,"showVisualEffectGraphs":true,"m_FxEnabled":true},"in2DMode":false,"pivot":{"x":1.1920928955078126e-7,"y":0.2799999713897705,"z":-2.384185791015625e-7},"rotation":{"x":-0.06296832859516144,"y":-0.0026990538462996485,"z":0.00016528989362996072,"w":-0.9980229139328003},"size":2.0470468997955324,"orthographic":true}